STA,X,Y,Z,Ptime,Stime,Rtime
0.0,0,0,0.0,0.0,0.0,0.0
1.015,0,0,1.015,0.0,0.0,0.0
2.03,0,0,2.03,0.0,0.0,0.0
3.045,0,0,3.045,0.0,0.0,0.0
4.06,0,0,4.06,0.0,0.0,0.0
5.074999999999999,0,0,5.074999999999999,0.0,0.0,0.0
6.09,0,0,6.09,0.0,0.0,0.0
7.105,0,0,7.105,0.0,0.0,0.0
8.12,0,0,8.12,0.0,0.0,0.0
9.135,0,0,9.135,0.0,0.0,0.0
10.15,0,0,10.15,0.0,0.0,0.0
11.165,0,0,11.165,0.0,0.0,0.0
12.18,0,0,12.18,0.0,0.0,0.0
13.195,0,0,13.195,0.0,0.0,0.0
14.21,0,0,14.21,0.0,0.0,0.0
15.224999999999998,0,0,15.224999999999998,0.0,0.0,0.0
16.24,0,0,16.24,0.0,0.0,0.0
17.255,0,0,17.255,0.0,0.0,0.0
18.27,0,0,18.27,0.0,0.0,0.0
19.285,0,0,19.285,0.0,0.0,0.0
20.3,0,0,20.3,0.0,0.0,0.0
21.315,0,0,21.315,0.0,0.0,0.0
22.33,0,0,22.33,0.0,0.0,0.0
23.345,0,0,23.345,0.0,0.0,0.0
24.36,0,0,24.36,0.0,0.0,0.0
25.375,0,0,25.375,0.0,0.0,0.0
26.39,0,0,26.39,0.0,0.0,0.0
27.405,0,0,27.405,0.0,0.0,0.0
28.42,0,0,28.42,0.0,0.0,0.0
29.435,0,0,29.435,0.0,0.0,0.0
30.45,0,0,30.45,0.0,0.0,0.0
31.465,0,0,31.465,0.0,0.0,0.0
32.48,0,0,32.48,0.0,0.0,0.0
33.495,0,0,33.495,0.0,0.0,0.0
34.51,0,0,34.51,0.0,0.0,0.0
35.525,0,0,35.525,0.0,0.0,0.0
36.54,0,0,36.54,0.0,0.0,0.0
37.555,0,0,37.555,0.0,0.0,0.0
38.56999999999999,0,0,38.56999999999999,0.0,0.0,0.0
39.585,0,0,39.585,0.0,0.0,0.0
40.6,0,0,40.6,0.0,0.0,0.0
41.615,0,0,41.615,0.0,0.0,0.0
42.63,0,0,42.63,0.0,0.0,0.0
43.645,0,0,43.645,0.0,0.0,0.0
44.66,0,0,44.66,0.0,0.0,0.0
45.675,0,0,45.675,0.0,0.0,0.0
46.69,0,0,46.69,0.0,0.0,0.0
47.705,0,0,47.705,0.0,0.0,0.0
48.72,0,0,48.72,0.0,0.0,0.0
49.73499999999999,0,0,49.73499999999999,0.0,0.0,0.0
50.74999999999999,0,0,50.74999999999999,0.0,0.0,0.0
51.76499999999999,0,0,51.76499999999999,0.0,0.0,0.0
52.78,0,0,52.78,0.0,0.0,0.0
53.795,0,0,53.795,0.0,0.0,0.0
54.81,0,0,54.81,0.0,0.0,0.0
55.825,0,0,55.825,0.0,0.0,0.0
56.84,0,0,56.84,0.0,0.0,0.0
57.855,0,0,57.855,0.0,0.0,0.0
58.87,0,0,58.87,0.0,0.0,0.0
59.88499999999999,0,0,59.88499999999999,0.0,0.0,0.0
60.89999999999999,0,0,60.89999999999999,0.0,0.0,0.0
61.91499999999999,0,0,61.91499999999999,0.0,0.0,0.0
62.92999999999999,0,0,62.92999999999999,0.0,0.0,0.0
63.94499999999999,0,0,63.94499999999999,0.0,0.0,0.0
64.96,0,0,64.96,0.0,0.0,0.0
65.975,0,0,65.975,0.0,0.0,0.0
66.99,0,0,66.99,0.0,0.0,0.0
68.005,0,0,68.005,0.0,0.0,0.0
69.02,0,0,69.02,0.0,0.0,0.0
70.035,0,0,70.035,0.0,0.0,0.0
71.05,0,0,71.05,0.0,0.0,0.0
72.065,0,0,72.065,0.0,0.0,0.0
73.08,0,0,73.08,0.0,0.0,0.0
74.095,0,0,74.095,0.0,0.0,0.0
75.11,0,0,75.11,0.0,0.0,0.0
76.12499999999999,0,0,76.12499999999999,0.0,0.0,0.0
77.13999999999999,0,0,77.13999999999999,0.0,0.0,0.0
78.15499999999999,0,0,78.15499999999999,0.0,0.0,0.0
79.16999999999999,0,0,79.16999999999999,0.0,0.0,0.0
80.18499999999999,0,0,80.18499999999999,0.0,0.0,0.0
81.19999999999999,0,0,81.19999999999999,0.0,0.0,0.0
82.21499999999999,0,0,82.21499999999999,0.0,0.0,0.0
83.22999999999999,0,0,83.22999999999999,0.0,0.0,0.0
84.24499999999999,0,0,84.24499999999999,0.0,0.0,0.0
85.25999999999999,0,0,85.25999999999999,0.0,0.0,0.0
86.27499999999999,0,0,86.27499999999999,0.0,0.0,0.0
87.28999999999999,0,0,87.28999999999999,0.0,0.0,0.0
88.30499999999999,0,0,88.30499999999999,0.0,0.0,0.0
89.32,0,0,89.32,0.0,0.0,0.0
90.335,0,0,90.335,0.0,0.0,0.0
91.35,0,0,91.35,0.0,0.0,0.0
92.365,0,0,92.365,0.0,0.0,0.0
93.38,0,0,93.38,0.0,0.0,0.0
94.395,0,0,94.395,0.0,0.0,0.0
95.41,0,0,95.41,0.0,0.0,0.0
96.425,0,0,96.425,0.0,0.0,0.0
97.44,0,0,97.44,0.0,0.0,0.0
98.45499999999998,0,0,98.45499999999998,0.0,0.0,0.0
99.46999999999998,0,0,99.46999999999998,0.0,0.0,0.0
100.485,0,0,100.485,0.0,0.0,0.0
101.5,0,0,101.5,0.0,0.0,0.0
102.515,0,0,102.515,0.0,0.0,0.0
103.53,0,0,103.53,0.0,0.0,0.0
104.545,0,0,104.545,0.0,0.0,0.0
105.56,0,0,105.56,0.0,0.0,0.0
106.575,0,0,106.575,0.0,0.0,0.0
107.59,0,0,107.59,0.0,0.0,0.0
108.605,0,0,108.605,0.0,0.0,0.0
109.62,0,0,109.62,0.0,0.0,0.0
110.635,0,0,110.635,0.0,0.0,0.0
111.65,0,0,111.65,0.0,0.0,0.0
112.665,0,0,112.665,0.0,0.0,0.0
113.68,0,0,113.68,0.0,0.0,0.0
114.695,0,0,114.695,0.0,0.0,0.0
115.71,0,0,115.71,0.0,0.0,0.0
116.725,0,0,116.725,0.0,0.0,0.0
117.74,0,0,117.74,0.0,0.0,0.0
118.755,0,0,118.755,0.0,0.0,0.0
119.76999999999998,0,0,119.76999999999998,0.0,0.0,0.0
120.78499999999998,0,0,120.78499999999998,0.0,0.0,0.0
121.79999999999998,0,0,121.79999999999998,0.0,0.0,0.0
122.81499999999998,0,0,122.81499999999998,0.0,0.0,0.0
123.82999999999998,0,0,123.82999999999998,0.0,0.0,0.0
124.84499999999998,0,0,124.84499999999998,0.0,0.0,0.0
125.86,0,0,125.86,0.0,0.0,0.0
126.875,0,0,126.875,0.0,0.0,0.0
127.89,0,0,127.89,5.2384,0.0,0.0
128.905,0,0,128.905,5.238566666666667,0.0,0.0
129.92,0,0,129.92,5.238733333333333,0.0,0.0
130.93499999999997,0,0,130.93499999999997,5.2389,0.0,0.0
131.95,0,0,131.95,5.2389,0.0,0.0
132.96499999999995,0,0,132.96499999999995,5.2391,0.0,0.0
133.98,0,0,133.98,5.2394,0.0,0.0
134.99499999999998,0,0,134.99499999999998,5.2394,0.0,0.0
136.01,0,0,136.01,5.239566666666667,0.0,0.0
137.02499999999998,0,0,137.02499999999998,5.239733333333333,0.0,0.0
138.04,0,0,138.04,5.2399,0.0,0.0
139.05499999999998,0,0,139.05499999999998,5.24,0.0,0.0
140.07,0,0,140.07,5.2401,0.0,0.0
141.08499999999998,0,0,141.08499999999998,5.2404,0.0,0.0
142.1,0,0,142.1,5.2404,0.0,0.0
143.11499999999998,0,0,143.11499999999998,5.2405,0.0,0.0
144.13,0,0,144.13,5.2406,0.0,0.0
145.14499999999998,0,0,145.14499999999998,5.2406,0.0,0.0
146.16,0,0,146.16,5.2411,0.0,0.0
147.17499999999998,0,0,147.17499999999998,5.2411,0.0,0.0
148.19,0,0,148.19,5.2411,0.0,0.0
149.20499999999998,0,0,149.20499999999998,5.2415,0.0,0.0
150.22,0,0,150.22,5.2419,0.0,0.0
151.235,0,0,151.235,5.242,0.0,0.0
152.24999999999997,0,0,152.24999999999997,5.2421,0.0,0.0
153.265,0,0,153.265,5.24225,0.0,0.0
154.27999999999997,0,0,154.27999999999997,5.2424,0.0,0.0
155.295,0,0,155.295,5.2426,0.0,0.0
156.30999999999997,0,0,156.30999999999997,5.2426,0.0,0.0
157.325,0,0,157.325,5.242766666666667,0.0,0.0
158.33999999999995,0,0,158.33999999999995,5.242933333333333,0.0,0.0
159.355,0,0,159.355,5.2431,0.0,0.0
160.36999999999998,0,0,160.36999999999998,5.2433499999999995,0.0,0.0
161.385,0,0,161.385,5.2436,0.0,0.0
162.39999999999998,0,0,162.39999999999998,5.24375,0.0,0.0
163.415,0,0,163.415,5.2439,0.0,0.0
164.42999999999998,0,0,164.42999999999998,5.244149999999999,0.0,0.0
165.445,0,0,165.445,5.2444,0.0,0.0
166.45999999999998,0,0,166.45999999999998,5.244516666666667,0.0,0.0
167.475,0,0,167.475,5.244633333333333,0.0,0.0
168.48999999999998,0,0,168.48999999999998,5.24475,0.0,0.0
169.505,0,0,169.505,5.244866666666667,0.0,0.0
170.51999999999998,0,0,170.51999999999998,5.244983333333333,0.0,0.0
171.535,0,0,171.535,5.2451,0.0,0.0
172.54999999999998,0,0,172.54999999999998,5.2452,0.0,0.0
173.56499999999997,0,0,173.56499999999997,5.2453,0.0,0.0
174.57999999999998,0,0,174.57999999999998,5.2454,0.0,0.0
175.59499999999997,0,0,175.59499999999997,5.2455,0.0,0.0
176.61,0,0,176.61,5.2456,0.0,0.0
177.62499999999997,0,0,177.62499999999997,5.246,0.0,0.0
178.64,0,0,178.64,5.2464,0.0,0.0
179.65499999999997,0,0,179.65499999999997,5.246650000000001,0.0,0.0
180.67,0,0,180.67,5.2469,0.0,0.0
181.685,0,0,181.685,5.247025,0.0,0.0
182.7,0,0,182.7,5.2471499999999995,0.0,0.0
183.715,0,0,183.715,5.247275,0.0,0.0
184.73,0,0,184.73,5.2474,0.0,0.0
185.745,0,0,185.745,5.247566666666667,0.0,0.0
186.76,0,0,186.76,5.247733333333333,0.0,0.0
187.775,0,0,187.775,5.2479,0.0,0.0
188.79,0,0,188.79,5.2481,0.0,0.0
189.805,0,0,189.805,5.248225,0.0,0.0
190.82,0,0,190.82,5.24835,0.0,0.0
191.835,0,0,191.835,5.248475,0.0,0.0
192.85,0,0,192.85,5.2486,0.0,0.0
193.865,0,0,193.865,5.248799999999999,0.0,0.0
194.88,0,0,194.88,5.249,0.0,0.0
195.895,0,0,195.895,5.2492,0.0,0.0
196.91,0,0,196.91,5.2494,0.0,0.0
197.925,0,0,197.925,5.2496,0.0,0.0
198.94,0,0,198.94,5.2498000000000005,0.0,0.0
199.955,0,0,199.955,5.25,0.0,0.0
200.97,0,0,200.97,5.2501999999999995,0.0,0.0
201.985,0,0,201.985,5.2504,0.0,0.0
203.0,0,0,203.0,5.250500000000001,0.0,0.0
204.015,0,0,204.015,5.2506,0.0,0.0
205.03,0,0,205.03,5.25085,0.0,0.0
206.045,0,0,206.045,5.2511,0.0,0.0
207.06,0,0,207.06,5.251366666666667,0.0,0.0
208.075,0,0,208.075,5.251633333333333,0.0,0.0
209.09,0,0,209.09,5.2519,0.0,0.0
210.105,0,0,210.105,5.252000000000001,0.0,0.0
211.12,0,0,211.12,5.2521,0.0,0.0
212.135,0,0,212.135,5.2522,0.0,0.0
213.15,0,0,213.15,5.2523,0.0,0.0
214.165,0,0,214.165,5.2524,0.0,0.0
215.18,0,0,215.18,5.252575,0.0,0.0
216.195,0,0,216.195,5.25275,0.0,0.0
217.21,0,0,217.21,5.252924999999999,0.0,0.0
218.225,0,0,218.225,5.2531,0.0,0.0
219.24,0,0,219.24,5.25335,0.0,0.0
220.255,0,0,220.255,5.2536000000000005,0.0,0.0
221.27,0,0,221.27,5.25385,0.0,0.0
222.285,0,0,222.285,5.2541,0.0,0.0
223.3,0,0,223.3,5.2544,0.0,0.0
224.315,0,0,224.315,5.254666666666667,0.0,0.0
225.33,0,0,225.33,5.254933333333334,0.0,0.0
226.345,0,0,226.345,5.2552,0.0,0.0
227.36,0,0,227.36,5.25545,0.0,0.0
228.375,0,0,228.375,5.2557,0.0,0.0
229.39,0,0,229.39,5.2559,0.0,0.0
230.405,0,0,230.405,5.2562,0.0,0.0
231.42,0,0,231.42,5.2564,0.0,0.0
232.435,0,0,232.435,5.2566500000000005,0.0,0.0
233.45,0,0,233.45,5.2569,0.0,0.0
234.465,0,0,234.465,5.2569,0.0,0.0
235.48,0,0,235.48,5.257066666666667,0.0,0.0
236.495,0,0,236.495,5.257233333333333,0.0,0.0
237.51,0,0,237.51,5.2574,0.0,0.0
238.525,0,0,238.525,5.2574,0.0,0.0
239.54,0,0,239.54,5.25765,0.0,0.0
240.555,0,0,240.555,5.2579,0.0,0.0
241.57,0,0,241.57,5.258050000000001,0.0,0.0
242.585,0,0,242.585,5.2582,0.0,0.0
243.6,0,0,243.6,5.2584,0.0,0.0
244.615,0,0,244.615,5.2587,0.0,0.0
245.63,0,0,245.63,5.258866666666667,0.0,0.0
246.645,0,0,246.645,5.259033333333333,0.0,0.0
247.66,0,0,247.66,5.2592,0.0,0.0
248.675,0,0,248.675,5.2593,0.0,0.0
249.69,0,0,249.69,5.2594,0.0,0.0
250.705,0,0,250.705,5.259650000000001,0.0,0.0
251.72,0,0,251.72,5.2599,0.0,0.0
252.735,0,0,252.735,5.260149999999999,0.0,0.0
253.75,0,0,253.75,5.2604,0.0,0.0
254.765,0,0,254.765,5.2606,0.0,0.0
255.78,0,0,255.78,5.2608,0.0,0.0
256.795,0,0,256.795,5.260999999999999,0.0,0.0
257.81,0,0,257.81,5.2612,0.0,0.0
258.825,0,0,258.825,5.2613666666666665,0.0,0.0
259.84,0,0,259.84,5.261533333333333,0.0,0.0
260.855,0,0,260.855,5.2617,0.0,0.0
261.86999999999995,0,0,261.86999999999995,5.261933333333333,0.0,0.0
262.885,0,0,262.885,5.262166666666667,0.0,0.0
263.9,0,0,263.9,5.2624,0.0,0.0
264.915,0,0,264.915,5.26255,0.0,0.0
265.92999999999995,0,0,265.92999999999995,5.2627,0.0,0.0
266.945,0,0,266.945,5.2632,0.0,0.0
267.96,0,0,267.96,5.263375,0.0,0.0
268.975,0,0,268.975,5.26355,0.0,0.0
269.98999999999995,0,0,269.98999999999995,5.263725,0.0,0.0
271.005,0,0,271.005,5.2639,0.0,0.0
272.02,0,0,272.02,5.264166666666666,0.0,0.0
273.035,0,0,273.035,5.264433333333334,0.0,0.0
274.04999999999995,0,0,274.04999999999995,5.2647,0.0,0.0
275.065,0,0,275.065,5.2649,0.0,0.0
276.08,0,0,276.08,5.2653,0.0,0.0
277.095,0,0,277.095,5.2657,0.0,0.0
278.11,0,0,278.11,5.2657,0.0,0.0
279.125,0,0,279.125,5.26605,0.0,0.0
280.14,0,0,280.14,5.2664,0.0,0.0
281.155,0,0,281.155,5.2669,0.0,0.0
282.17,0,0,282.17,5.2674,0.0,0.0
283.18499999999995,0,0,283.18499999999995,5.2678,0.0,0.0
284.2,0,0,284.2,5.2682,0.0,0.0
285.215,0,0,285.215,5.268533333333333,0.0,0.0
286.23,0,0,286.23,5.268866666666667,0.0,0.0
287.24499999999995,0,0,287.24499999999995,5.2692,0.0,0.0
288.26,0,0,288.26,5.269299999999999,0.0,0.0
289.275,0,0,289.275,5.2694,0.0,0.0
290.29,0,0,290.29,5.2702,0.0,0.0
291.30499999999995,0,0,291.30499999999995,5.27045,0.0,0.0
292.32,0,0,292.32,5.2707,0.0,0.0
293.335,0,0,293.335,5.270933333333333,0.0,0.0
294.35,0,0,294.35,5.271166666666667,0.0,0.0
295.36499999999995,0,0,295.36499999999995,5.2714,0.0,0.0
296.38,0,0,296.38,5.271566666666667,0.0,0.0
297.395,0,0,297.395,5.271733333333333,0.0,0.0
298.41,0,0,298.41,5.2719,0.0,0.0
299.42499999999995,0,0,299.42499999999995,5.27215,0.0,0.0
300.44,0,0,300.44,5.2724,0.0,0.0
301.455,0,0,301.455,5.2726500000000005,0.0,0.0
302.47,0,0,302.47,5.2729,0.0,0.0
303.485,0,0,303.485,5.273149999999999,0.0,0.0
304.49999999999994,0,0,304.49999999999994,5.2734,0.0,0.0
305.515,0,0,305.515,5.27365,0.0,0.0
306.53,0,0,306.53,5.2739,0.0,0.0
307.545,0,0,307.545,5.274166666666667,0.0,0.0
308.55999999999995,0,0,308.55999999999995,5.2744333333333335,0.0,0.0
309.575,0,0,309.575,5.2747,0.0,0.0
310.59,0,0,310.59,5.275,0.0,0.0
311.605,0,0,311.605,5.2753000000000005,0.0,0.0
312.61999999999995,0,0,312.61999999999995,5.2756,0.0,0.0
313.635,0,0,313.635,5.2759,0.0,0.0
314.65,0,0,314.65,5.2762,0.0,0.0
315.665,0,0,315.665,5.2762,0.0,0.0
316.67999999999995,0,0,316.67999999999995,5.2764,0.0,0.0
317.695,0,0,317.695,5.27655,0.0,0.0
318.71,0,0,318.71,5.2767,0.0,0.0
319.725,0,0,319.725,5.277033333333334,0.0,0.0
320.73999999999995,0,0,320.73999999999995,5.2773666666666665,0.0,0.0
321.755,0,0,321.755,5.2777,0.0,0.0
322.77,0,0,322.77,5.277933333333333,0.0,0.0
323.785,0,0,323.785,5.278166666666667,0.0,0.0
324.79999999999995,0,0,324.79999999999995,5.2784,0.0,0.0
325.81499999999994,0,0,325.81499999999994,5.278650000000001,0.0,0.0
326.83,0,0,326.83,5.2789,0.0,0.0
327.845,0,0,327.845,5.2793,0.0,0.0
328.86,0,0,328.86,5.2797,0.0,0.0
329.87499999999994,0,0,329.87499999999994,5.2799499999999995,0.0,0.0
330.89,0,0,330.89,5.2802,0.0,0.0
331.905,0,0,331.905,5.28045,0.0,0.0
332.92,0,0,332.92,5.2807,0.0,0.0
333.93499999999995,0,0,333.93499999999995,5.2811,0.0,0.0
334.95,0,0,334.95,5.2815,0.0,0.0
335.965,0,0,335.965,5.281666666666667,0.0,0.0
336.98,0,0,336.98,5.281833333333333,0.0,0.0
337.99499999999995,0,0,337.99499999999995,5.282,0.0,0.0
339.01,0,0,339.01,5.2822,0.0,0.0
340.025,0,0,340.025,5.2825,0.0,0.0
341.04,0,0,341.04,5.28275,0.0,0.0
342.05499999999995,0,0,342.05499999999995,5.283,0.0,0.0
343.07,0,0,343.07,5.2832,0.0,0.0
344.085,0,0,344.085,5.2835,0.0,0.0
345.1,0,0,345.1,5.2836,0.0,0.0
346.11499999999995,0,0,346.11499999999995,5.2837,0.0,0.0
347.12999999999994,0,0,347.12999999999994,5.284,0.0,0.0
348.145,0,0,348.145,5.2845,0.0,0.0
349.16,0,0,349.16,5.284750000000001,0.0,0.0
350.17499999999995,0,0,350.17499999999995,5.285,0.0,0.0
351.18999999999994,0,0,351.18999999999994,5.2855,0.0,0.0
352.205,0,0,352.205,5.2856000000000005,0.0,0.0
353.22,0,0,353.22,5.2857,0.0,0.0
354.235,0,0,354.235,5.2862,0.0,0.0
355.24999999999994,0,0,355.24999999999994,5.2865,0.0,0.0
356.265,0,0,356.265,5.2867,0.0,0.0
357.28,0,0,357.28,5.286966666666666,0.0,0.0
358.295,0,0,358.295,5.287233333333333,0.0,0.0
359.30999999999995,0,0,359.30999999999995,5.2875,0.0,0.0
360.325,0,0,360.325,5.28775,0.0,0.0
361.34,0,0,361.34,5.288,0.0,0.0
362.355,0,0,362.355,5.2881,0.0,0.0
363.37,0,0,363.37,5.2882,0.0,0.0
364.385,0,0,364.385,5.2885,0.0,0.0
365.4,0,0,365.4,5.288666666666667,0.0,0.0
366.415,0,0,366.415,5.288833333333333,0.0,0.0
367.43,0,0,367.43,5.289,0.0,0.0
368.445,0,0,368.445,5.28925,0.0,0.0
369.46,0,0,369.46,5.2895,0.0,0.0
370.475,0,0,370.475,5.2897,0.0,0.0
371.49,0,0,371.49,5.2901,0.0,0.0
372.505,0,0,372.505,5.2905,0.0,0.0
373.52,0,0,373.52,5.29075,0.0,0.0
374.535,0,0,374.535,5.291,0.0,0.0
375.55,0,0,375.55,5.2912333333333335,0.0,0.0
376.565,0,0,376.565,5.2914666666666665,0.0,0.0
377.58,0,0,377.58,5.2917,0.0,0.0
378.595,0,0,378.595,5.29195,0.0,0.0
379.61,0,0,379.61,5.2922,0.0,0.0
380.625,0,0,380.625,5.292466666666667,0.0,0.0
381.64,0,0,381.64,5.2927333333333335,0.0,0.0
382.655,0,0,382.655,5.293,0.0,0.0
383.67,0,0,383.67,5.2931,0.0,0.0
384.685,0,0,384.685,5.2932,0.0,0.0
385.7,0,0,385.7,5.293466666666666,0.0,0.0
386.715,0,0,386.715,5.293733333333333,0.0,0.0
387.73,0,0,387.73,5.294,0.0,0.0
388.745,0,0,388.745,5.294233333333333,0.0,0.0
389.76,0,0,389.76,5.294466666666667,0.0,0.0
390.775,0,0,390.775,5.2947,0.0,0.0
391.79,0,0,391.79,5.29495,0.0,0.0
392.805,0,0,392.805,5.2952,0.0,0.0
393.82,0,0,393.82,5.29535,0.0,0.0
394.835,0,0,394.835,5.2955,0.0,0.0
395.85,0,0,395.85,5.2959,0.0,0.0
396.865,0,0,396.865,5.2963000000000005,0.0,0.0
397.88,0,0,397.88,5.2967,0.0,0.0
398.895,0,0,398.895,5.2967,0.0,0.0
399.91,0,0,399.91,5.29685,0.0,0.0
400.925,0,0,400.925,5.297,0.0,0.0
401.94,0,0,401.94,5.2972,0.0,0.0
402.955,0,0,402.955,5.297533333333333,0.0,0.0
403.97,0,0,403.97,5.297866666666667,0.0,0.0
404.985,0,0,404.985,5.2982,0.0,0.0
406.0,0,0,406.0,5.298349999999999,0.0,0.0
407.015,0,0,407.015,5.2985,0.0,0.0
408.03,0,0,408.03,5.299,0.0,0.0
409.045,0,0,409.045,5.2992333333333335,0.0,0.0
410.06,0,0,410.06,5.2994666666666665,0.0,0.0
411.075,0,0,411.075,5.2997,0.0,0.0
412.09,0,0,412.09,5.2998666666666665,0.0,0.0
413.105,0,0,413.105,5.300033333333333,0.0,0.0
414.12,0,0,414.12,5.3002,0.0,0.0
415.13499999999993,0,0,415.13499999999993,5.300466666666667,0.0,0.0
416.15,0,0,416.15,5.3007333333333335,0.0,0.0
417.165,0,0,417.165,5.301,0.0,0.0
418.18,0,0,418.18,5.30125,0.0,0.0
419.195,0,0,419.195,5.3015,0.0,0.0
420.21,0,0,420.21,5.30175,0.0,0.0
421.225,0,0,421.225,5.302,0.0,0.0
422.24,0,0,422.24,5.3022,0.0,0.0
423.255,0,0,423.255,5.30245,0.0,0.0
424.27,0,0,424.27,5.3027,0.0,0.0
425.285,0,0,425.285,5.30295,0.0,0.0
426.3,0,0,426.3,5.3032,0.0,0.0
427.315,0,0,427.315,5.303466666666667,0.0,0.0
428.33,0,0,428.33,5.303733333333334,0.0,0.0
429.345,0,0,429.345,5.304,0.0,0.0
430.36,0,0,430.36,5.30425,0.0,0.0
431.375,0,0,431.375,5.3045,0.0,0.0
432.39,0,0,432.39,5.3046500000000005,0.0,0.0
433.405,0,0,433.405,5.3048,0.0,0.0
434.42,0,0,434.42,5.305,0.0,0.0
435.435,0,0,435.435,5.305149999999999,0.0,0.0
436.44999999999993,0,0,436.44999999999993,5.3053,0.0,0.0
437.465,0,0,437.465,5.3055,0.0,0.0
438.48,0,0,438.48,5.306,0.0,0.0
439.495,0,0,439.495,5.306150000000001,0.0,0.0
440.50999999999993,0,0,440.50999999999993,5.3063,0.0,0.0
441.525,0,0,441.525,5.3068,0.0,0.0
442.54,0,0,442.54,5.307,0.0,0.0
443.555,0,0,443.555,5.30725,0.0,0.0
444.57,0,0,444.57,5.3075,0.0,0.0
445.585,0,0,445.585,5.30775,0.0,0.0
446.6,0,0,446.6,5.308,0.0,0.0
447.615,0,0,447.615,5.3083,0.0,0.0
448.63,0,0,448.63,5.308466666666667,0.0,0.0
449.645,0,0,449.645,5.308633333333333,0.0,0.0
450.66,0,0,450.66,5.3088,0.0,0.0
451.675,0,0,451.675,5.30905,0.0,0.0
452.69,0,0,452.69,5.3093,0.0,0.0
453.705,0,0,453.705,5.30955,0.0,0.0
454.72,0,0,454.72,5.3098,0.0,0.0
455.735,0,0,455.735,5.309966666666667,0.0,0.0
456.75,0,0,456.75,5.310133333333333,0.0,0.0
457.76499999999993,0,0,457.76499999999993,5.3103,0.0,0.0
458.78,0,0,458.78,5.3104,0.0,0.0
459.795,0,0,459.795,5.3105,0.0,0.0
460.81,0,0,460.81,5.3107500000000005,0.0,0.0
461.82499999999993,0,0,461.82499999999993,5.311,0.0,0.0
462.84,0,0,462.84,5.3113,0.0,0.0
463.855,0,0,463.855,5.3115,0.0,0.0
464.87,0,0,464.87,5.3116666666666665,0.0,0.0
465.88499999999993,0,0,465.88499999999993,5.311833333333333,0.0,0.0
466.9,0,0,466.9,5.312,0.0,0.0
467.915,0,0,467.915,5.312250000000001,0.0,0.0
468.93,0,0,468.93,5.3125,0.0,0.0
469.945,0,0,469.945,5.312766666666667,0.0,0.0
470.96,0,0,470.96,5.313033333333333,0.0,0.0
471.975,0,0,471.975,5.3133,0.0,0.0
472.99,0,0,472.99,5.3138,0.0,0.0
474.005,0,0,474.005,5.3139666666666665,0.0,0.0
475.02,0,0,475.02,5.314133333333333,0.0,0.0
476.035,0,0,476.035,5.3143,0.0,0.0
477.05,0,0,477.05,5.31465,0.0,0.0
478.065,0,0,478.065,5.315,0.0,0.0
479.0799999999999,0,0,479.0799999999999,5.315250000000001,0.0,0.0
480.095,0,0,480.095,5.3155,0.0,0.0
481.11,0,0,481.11,5.3157,0.0,0.0
482.125,0,0,482.125,5.3159,0.0,0.0
483.13999999999993,0,0,483.13999999999993,5.3161000000000005,0.0,0.0
484.155,0,0,484.155,5.3163,0.0,0.0
485.17,0,0,485.17,5.3165,0.0,0.0
486.185,0,0,486.185,5.31675,0.0,0.0
487.19999999999993,0,0,487.19999999999993,5.317,0.0,0.0
488.215,0,0,488.215,5.3173,0.0,0.0
489.23,0,0,489.23,5.317550000000001,0.0,0.0
490.245,0,0,490.245,5.3178,0.0,0.0
491.25999999999993,0,0,491.25999999999993,5.318,0.0,0.0
492.275,0,0,492.275,5.31825,0.0,0.0
493.29,0,0,493.29,5.3185,0.0,0.0
494.305,0,0,494.305,5.31875,0.0,0.0
495.32,0,0,495.32,5.319,0.0,0.0
496.335,0,0,496.335,5.319266666666667,0.0,0.0
497.35,0,0,497.35,5.319533333333333,0.0,0.0
498.365,0,0,498.365,5.3198,0.0,0.0
499.38,0,0,499.38,5.32005,0.0,0.0
500.3949999999999,0,0,500.3949999999999,5.3203,0.0,0.0
501.41,0,0,501.41,5.320399999999999,0.0,0.0
502.425,0,0,502.425,5.3205,0.0,0.0
503.44,0,0,503.44,5.32075,0.0,0.0
504.4549999999999,0,0,504.4549999999999,5.321,0.0,0.0
505.47,0,0,505.47,5.3215,0.0,0.0
506.485,0,0,506.485,5.322,0.0,0.0
507.5,0,0,507.5,5.322150000000001,0.0,0.0
508.51499999999993,0,0,508.51499999999993,5.3223,0.0,0.0
509.53,0,0,509.53,5.3224,0.0,0.0
510.545,0,0,510.545,5.3225,0.0,0.0
511.56,0,0,511.56,5.32275,0.0,0.0
512.5749999999999,0,0,512.5749999999999,5.323,0.0,0.0
513.5899999999999,0,0,513.5899999999999,5.32325,0.0,0.0
514.6049999999999,0,0,514.6049999999999,5.3235,0.0,0.0
515.62,0,0,515.62,5.3238,0.0,0.0
516.635,0,0,516.635,5.32405,0.0,0.0
517.65,0,0,517.65,5.3243,0.0,0.0
518.665,0,0,518.665,5.3243,0.0,0.0
519.68,0,0,519.68,5.3245,0.0,0.0
520.6949999999999,0,0,520.6949999999999,5.3248,0.0,0.0
521.7099999999999,0,0,521.7099999999999,5.325,0.0,0.0
522.7249999999999,0,0,522.7249999999999,5.3253,0.0,0.0
523.7399999999999,0,0,523.7399999999999,5.32555,0.0,0.0
524.755,0,0,524.755,5.3258,0.0,0.0
525.77,0,0,525.77,5.32605,0.0,0.0
526.785,0,0,526.785,5.3263,0.0,0.0
527.8,0,0,527.8,5.32655,0.0,0.0
528.8149999999999,0,0,528.8149999999999,5.3268,0.0,0.0
529.8299999999999,0,0,529.8299999999999,5.3270333333333335,0.0,0.0
530.8449999999999,0,0,530.8449999999999,5.327266666666667,0.0,0.0
531.8599999999999,0,0,531.8599999999999,5.3275,0.0,0.0
532.875,0,0,532.875,5.32775,0.0,0.0
533.89,0,0,533.89,5.328,0.0,0.0
534.905,0,0,534.905,5.3282,0.0,0.0
535.92,0,0,535.92,5.3284,0.0,0.0
536.935,0,0,536.935,5.3286,0.0,0.0
537.9499999999999,0,0,537.9499999999999,5.328833333333333,0.0,0.0
538.9649999999999,0,0,538.9649999999999,5.329066666666667,0.0,0.0
539.9799999999999,0,0,539.9799999999999,5.3293,0.0,0.0
540.995,0,0,540.995,5.3296,0.0,0.0
542.01,0,0,542.01,5.32985,0.0,0.0
543.025,0,0,543.025,5.3301,0.0,0.0
544.04,0,0,544.04,5.3306,0.0,0.0
545.055,0,0,545.055,5.3307,0.0,0.0
546.0699999999999,0,0,546.0699999999999,5.3308,0.0,0.0
547.0849999999999,0,0,547.0849999999999,5.331066666666667,0.0,0.0
548.0999999999999,0,0,548.0999999999999,5.331333333333333,0.0,0.0
549.1149999999999,0,0,549.1149999999999,5.3316,0.0,0.0
550.13,0,0,550.13,5.331849999999999,0.0,0.0
551.145,0,0,551.145,5.3321,0.0,0.0
552.16,0,0,552.16,5.33235,0.0,0.0
553.175,0,0,553.175,5.332599999999999,0.0,0.0
554.1899999999999,0,0,554.1899999999999,5.33285,0.0,0.0
555.2049999999999,0,0,555.2049999999999,5.3331,0.0,0.0
556.2199999999999,0,0,556.2199999999999,5.3332,0.0,0.0
557.2349999999999,0,0,557.2349999999999,5.3333,0.0,0.0
558.25,0,0,558.25,5.3334,0.0,0.0
559.265,0,0,559.265,5.3339,0.0,0.0
560.28,0,0,560.28,5.3341,0.0,0.0
561.295,0,0,561.295,5.3343,0.0,0.0
562.31,0,0,562.31,5.3347,0.0,0.0
563.3249999999999,0,0,563.3249999999999,5.3352,0.0,0.0
564.3399999999999,0,0,564.3399999999999,5.3356,0.0,0.0
565.3549999999999,0,0,565.3549999999999,5.3362,0.0,0.0
566.3699999999999,0,0,566.3699999999999,5.3364,0.0,0.0
567.385,0,0,567.385,5.336633333333333,0.0,0.0
568.4,0,0,568.4,5.336866666666667,0.0,0.0
569.415,0,0,569.415,5.3371,0.0,0.0
570.43,0,0,570.43,5.337466666666667,0.0,0.0
571.4449999999999,0,0,571.4449999999999,5.337833333333333,0.0,0.0
572.4599999999999,0,0,572.4599999999999,5.3382,0.0,0.0
573.4749999999999,0,0,573.4749999999999,5.3385,0.0,0.0
574.4899999999999,0,0,574.4899999999999,5.3388,0.0,0.0
575.505,0,0,575.505,5.339,0.0,0.0
576.52,0,0,576.52,5.3397,0.0,0.0
577.535,0,0,577.535,5.3399,0.0,0.0
578.55,0,0,578.55,5.3401,0.0,0.0
579.5649999999999,0,0,579.5649999999999,5.34045,0.0,0.0
580.5799999999999,0,0,580.5799999999999,5.3408,0.0,0.0
581.5949999999999,0,0,581.5949999999999,5.341,0.0,0.0
582.6099999999999,0,0,582.6099999999999,5.3413,0.0,0.0
583.625,0,0,583.625,5.3416,0.0,0.0
584.64,0,0,584.64,5.34195,0.0,0.0
585.655,0,0,585.655,5.3423,0.0,0.0
586.67,0,0,586.67,5.3423,0.0,0.0
587.685,0,0,587.685,5.3425,0.0,0.0
588.6999999999999,0,0,588.6999999999999,5.3427,0.0,0.0
589.7149999999999,0,0,589.7149999999999,5.3429,0.0,0.0
590.7299999999999,0,0,590.7299999999999,5.3433,0.0,0.0
591.7449999999999,0,0,591.7449999999999,5.344,0.0,0.0
592.76,0,0,592.76,5.3442,0.0,0.0
593.775,0,0,593.775,5.3444,0.0,0.0
594.79,0,0,594.79,5.3446,0.0,0.0
595.805,0,0,595.805,5.3451,0.0,0.0
596.8199999999999,0,0,596.8199999999999,5.3453,0.0,0.0
597.8349999999999,0,0,597.8349999999999,5.3457,0.0,0.0
598.8499999999999,0,0,598.8499999999999,5.3459,0.0,0.0
599.8649999999999,0,0,599.8649999999999,5.3463,0.0,0.0
600.88,0,0,600.88,5.3468,0.0,0.0
601.895,0,0,601.895,5.3468,0.0,0.0
602.91,0,0,602.91,5.347066666666667,0.0,0.0
603.925,0,0,603.925,5.347333333333333,0.0,0.0
604.9399999999999,0,0,604.9399999999999,5.3476,0.0,0.0
605.9549999999999,0,0,605.9549999999999,5.3479,0.0,0.0
606.9699999999999,0,0,606.9699999999999,5.3483,0.0,0.0
607.9849999999999,0,0,607.9849999999999,5.3487,0.0,0.0
608.9999999999999,0,0,608.9999999999999,5.3489,0.0,0.0
610.015,0,0,610.015,5.3491,0.0,0.0
611.03,0,0,611.03,5.3498,0.0,0.0
612.045,0,0,612.045,5.3502,0.0,0.0
613.06,0,0,613.06,5.35045,0.0,0.0
614.0749999999999,0,0,614.0749999999999,5.3507,0.0,0.0
615.0899999999999,0,0,615.0899999999999,5.3509,0.0,0.0
616.1049999999999,0,0,616.1049999999999,5.3517,0.0,0.0
617.1199999999999,0,0,617.1199999999999,5.3519,0.0,0.0
618.135,0,0,618.135,5.3522,0.0,0.0
619.15,0,0,619.15,5.3525,0.0,0.0
620.165,0,0,620.165,5.3528,0.0,0.0
621.18,0,0,621.18,5.3532,0.0,0.0
622.1949999999999,0,0,622.1949999999999,5.3534,0.0,0.0
623.2099999999999,0,0,623.2099999999999,5.3538499999999996,0.0,0.0
624.2249999999999,0,0,624.2249999999999,5.3543,0.0,0.0
625.2399999999999,0,0,625.2399999999999,5.3545,0.0,0.0
626.255,0,0,626.255,5.3547,0.0,0.0
627.27,0,0,627.27,5.3552,0.0,0.0
628.285,0,0,628.285,5.3554,0.0,0.0
629.3,0,0,629.3,5.3556,0.0,0.0
630.3149999999999,0,0,630.3149999999999,5.356,0.0,0.0
631.3299999999999,0,0,631.3299999999999,5.356,0.0,0.0
632.3449999999999,0,0,632.3449999999999,5.3567,0.0,0.0
633.3599999999999,0,0,633.3599999999999,5.3568999999999996,0.0,0.0
634.3749999999999,0,0,634.3749999999999,5.3571,0.0,0.0
635.39,0,0,635.39,5.3575,0.0,0.0
636.405,0,0,636.405,5.3578,0.0,0.0
637.42,0,0,637.42,5.3580000000000005,0.0,0.0
638.435,0,0,638.435,5.3582,0.0,0.0
639.4499999999999,0,0,639.4499999999999,5.3584,0.0,0.0
640.4649999999999,0,0,640.4649999999999,5.3586,0.0,0.0
641.4799999999999,0,0,641.4799999999999,5.359,0.0,0.0
642.4949999999999,0,0,642.4949999999999,5.3595,0.0,0.0
643.51,0,0,643.51,5.3597,0.0,0.0
644.525,0,0,644.525,5.359999999999999,0.0,0.0
645.54,0,0,645.54,5.3603,0.0,0.0
646.555,0,0,646.555,5.3608,0.0,0.0
647.5699999999999,0,0,647.5699999999999,5.361,0.0,0.0
648.5849999999999,0,0,648.5849999999999,5.3616,0.0,0.0
649.5999999999999,0,0,649.5999999999999,5.3621,0.0,0.0
650.6149999999999,0,0,650.6149999999999,5.3625,0.0,0.0
651.6299999999999,0,0,651.6299999999999,5.3627,0.0,0.0
652.645,0,0,652.645,5.3629,0.0,0.0
653.66,0,0,653.66,5.3629999999999995,0.0,0.0
654.675,0,0,654.675,5.3631,0.0,0.0
655.6899999999999,0,0,655.6899999999999,5.3636,0.0,0.0
656.7049999999999,0,0,656.7049999999999,5.3637999999999995,0.0,0.0
657.7199999999999,0,0,657.7199999999999,5.364,0.0,0.0
658.7349999999999,0,0,658.7349999999999,5.3642,0.0,0.0
659.7499999999999,0,0,659.7499999999999,5.3649,0.0,0.0
660.765,0,0,660.765,5.3651,0.0,0.0
661.78,0,0,661.78,5.3653,0.0,0.0
662.795,0,0,662.795,5.3657,0.0,0.0
663.81,0,0,663.81,5.3659,0.0,0.0
664.8249999999999,0,0,664.8249999999999,5.366149999999999,0.0,0.0
665.8399999999999,0,0,665.8399999999999,5.3664,0.0,0.0
666.8549999999999,0,0,666.8549999999999,5.3667,0.0,0.0
667.8699999999999,0,0,667.8699999999999,5.367,0.0,0.0
668.885,0,0,668.885,5.3672,0.0,0.0
669.9,0,0,669.9,5.3674,0.0,0.0
670.915,0,0,670.915,5.3685,0.0,0.0
671.93,0,0,671.93,5.3689,0.0,0.0
672.9449999999999,0,0,672.9449999999999,5.3692,0.0,0.0
673.9599999999999,0,0,673.9599999999999,5.3695,0.0,0.0
674.9749999999999,0,0,674.9749999999999,5.3698,0.0,0.0
675.9899999999999,0,0,675.9899999999999,5.3702,0.0,0.0
677.0049999999999,0,0,677.0049999999999,5.3704,0.0,0.0
678.02,0,0,678.02,5.3706499999999995,0.0,0.0
679.035,0,0,679.035,5.3709,0.0,0.0
680.05,0,0,680.05,5.3715,0.0,0.0
681.0649999999999,0,0,681.0649999999999,5.3717,0.0,0.0
682.0799999999999,0,0,682.0799999999999,5.3722,0.0,0.0
683.0949999999999,0,0,683.0949999999999,5.3726,0.0,0.0
684.1099999999999,0,0,684.1099999999999,5.373,0.0,0.0
685.1249999999999,0,0,685.1249999999999,5.3735,0.0,0.0
686.14,0,0,686.14,5.3738,0.0,0.0
687.155,0,0,687.155,5.3741,0.0,0.0
688.17,0,0,688.17,5.3745,0.0,0.0
689.185,0,0,689.185,5.375,0.0,0.0
690.1999999999999,0,0,690.1999999999999,5.3752,0.0,0.0
691.2149999999999,0,0,691.2149999999999,5.376,0.0,0.0
692.2299999999999,0,0,692.2299999999999,5.3763,0.0,0.0
693.2449999999999,0,0,693.2449999999999,5.3767,0.0,0.0
694.2599999999999,0,0,694.2599999999999,5.3769,0.0,0.0
695.275,0,0,695.275,5.378,0.0,0.0
696.29,0,0,696.29,5.3782,0.0,0.0
697.305,0,0,697.305,5.3784,0.0,0.0
698.3199999999999,0,0,698.3199999999999,5.3784,0.0,0.0
699.3349999999999,0,0,699.3349999999999,5.37875,0.0,0.0
700.3499999999999,0,0,700.3499999999999,5.3791,0.0,0.0
701.3649999999999,0,0,701.3649999999999,5.3795,0.0,0.0
702.3799999999999,0,0,702.3799999999999,5.3797,0.0,0.0
703.395,0,0,703.395,5.3799,0.0,0.0
704.41,0,0,704.41,5.38025,0.0,0.0
705.425,0,0,705.425,5.3806,0.0,0.0
706.4399999999999,0,0,706.4399999999999,5.3812,0.0,0.0
707.4549999999999,0,0,707.4549999999999,5.38155,0.0,0.0
708.4699999999999,0,0,708.4699999999999,5.3819,0.0,0.0
709.4849999999999,0,0,709.4849999999999,5.3821,0.0,0.0
710.4999999999999,0,0,710.4999999999999,5.3825,0.0,0.0
711.515,0,0,711.515,5.3831,0.0,0.0
712.53,0,0,712.53,5.3838,0.0,0.0
713.545,0,0,713.545,5.384,0.0,0.0
714.56,0,0,714.56,5.3842,0.0,0.0
715.5749999999999,0,0,715.5749999999999,5.3844,0.0,0.0
716.5899999999999,0,0,716.5899999999999,5.38475,0.0,0.0
717.6049999999999,0,0,717.6049999999999,5.3851,0.0,0.0
718.6199999999999,0,0,718.6199999999999,5.3864,0.0,0.0
719.6349999999999,0,0,719.6349999999999,5.3866,0.0,0.0
720.65,0,0,720.65,5.3869,0.0,0.0
721.665,0,0,721.665,5.3872,0.0,0.0
722.68,0,0,722.68,5.3877,0.0,0.0
723.6949999999999,0,0,723.6949999999999,5.3879,0.0,0.0
724.7099999999999,0,0,724.7099999999999,5.3881,0.0,0.0
725.7249999999999,0,0,725.7249999999999,5.3883,0.0,0.0
726.7399999999999,0,0,726.7399999999999,5.3887,0.0,0.0
727.7549999999999,0,0,727.7549999999999,5.38905,0.0,0.0
728.77,0,0,728.77,5.3894,0.0,0.0
729.785,0,0,729.785,5.3898,0.0,0.0
730.8,0,0,730.8,5.3902,0.0,0.0
731.8149999999999,0,0,731.8149999999999,5.39055,0.0,0.0
732.8299999999999,0,0,732.8299999999999,5.3909,0.0,0.0
733.8449999999999,0,0,733.8449999999999,5.3913,0.0,0.0
734.8599999999999,0,0,734.8599999999999,5.3915,0.0,0.0
735.8749999999999,0,0,735.8749999999999,5.39175,0.0,0.0
736.8899999999999,0,0,736.8899999999999,5.392,0.0,0.0
737.905,0,0,737.905,5.3923000000000005,0.0,0.0
738.92,0,0,738.92,5.3926,0.0,0.0
739.935,0,0,739.935,5.393,0.0,0.0
740.9499999999999,0,0,740.9499999999999,5.39325,0.0,0.0
741.9649999999999,0,0,741.9649999999999,5.3935,0.0,0.0
742.9799999999999,0,0,742.9799999999999,5.3939,0.0,0.0
743.9949999999999,0,0,743.9949999999999,5.3942,0.0,0.0
745.0099999999999,0,0,745.0099999999999,5.3945,0.0,0.0
746.025,0,0,746.025,5.395,0.0,0.0
747.04,0,0,747.04,5.3956,0.0,0.0
748.055,0,0,748.055,5.395849999999999,0.0,0.0
749.0699999999999,0,0,749.0699999999999,5.3961,0.0,0.0
750.0849999999999,0,0,750.0849999999999,5.3965,0.0,0.0
751.0999999999999,0,0,751.0999999999999,5.396699999999999,0.0,0.0
752.1149999999999,0,0,752.1149999999999,5.3969,0.0,0.0
753.1299999999999,0,0,753.1299999999999,5.3976,0.0,0.0
754.145,0,0,754.145,5.3977,0.0,0.0
755.16,0,0,755.16,5.3978,0.0,0.0
756.175,0,0,756.175,5.398,0.0,0.0
757.1899999999999,0,0,757.1899999999999,5.3986,0.0,0.0
758.2049999999999,0,0,758.2049999999999,5.3989,0.0,0.0
759.2199999999999,0,0,759.2199999999999,5.3992,0.0,0.0
760.2349999999999,0,0,760.2349999999999,5.3995,0.0,0.0
761.2499999999999,0,0,761.2499999999999,5.3999,0.0,0.0
762.2649999999999,0,0,762.2649999999999,5.40025,0.0,0.0
763.28,0,0,763.28,5.4006,0.0,0.0
764.295,0,0,764.295,5.4008,0.0,0.0
765.31,0,0,765.31,5.401,0.0,0.0
766.3249999999999,0,0,766.3249999999999,5.4014,0.0,0.0
767.3399999999999,0,0,767.3399999999999,5.4023,0.0,0.0
768.3549999999999,0,0,768.3549999999999,5.40275,0.0,0.0
769.3699999999999,0,0,769.3699999999999,5.4032,0.0,0.0
770.3849999999999,0,0,770.3849999999999,5.4034,0.0,0.0
771.4,0,0,771.4,5.4038,0.0,0.0
772.415,0,0,772.415,5.404,0.0,0.0
773.43,0,0,773.43,5.4042,0.0,0.0
774.4449999999999,0,0,774.4449999999999,5.4049,0.0,0.0
775.4599999999999,0,0,775.4599999999999,5.4051,0.0,0.0
776.4749999999999,0,0,776.4749999999999,5.4054,0.0,0.0
777.4899999999999,0,0,777.4899999999999,5.4057,0.0,0.0
778.5049999999999,0,0,778.5049999999999,5.40625,0.0,0.0
779.52,0,0,779.52,5.4068,0.0,0.0
780.535,0,0,780.535,5.407,0.0,0.0
781.55,0,0,781.55,5.4072,0.0,0.0
782.5649999999999,0,0,782.5649999999999,5.4075,0.0,0.0
783.5799999999999,0,0,783.5799999999999,5.4077,0.0,0.0
784.5949999999999,0,0,784.5949999999999,5.4079,0.0,0.0
785.6099999999999,0,0,785.6099999999999,5.4081,0.0,0.0
786.6249999999999,0,0,786.6249999999999,5.4085,0.0,0.0
787.6399999999999,0,0,787.6399999999999,5.409,0.0,0.0
788.655,0,0,788.655,5.4092,0.0,0.0
789.67,0,0,789.67,5.4098,0.0,0.0
790.685,0,0,790.685,5.4111,0.0,0.0
791.6999999999999,0,0,791.6999999999999,5.4115,0.0,0.0
792.7149999999999,0,0,792.7149999999999,5.4122,0.0,0.0
793.7299999999999,0,0,793.7299999999999,5.41265,0.0,0.0
794.7449999999999,0,0,794.7449999999999,5.4131,0.0,0.0
795.7599999999999,0,0,795.7599999999999,5.4135,0.0,0.0
796.775,0,0,796.775,5.4139,0.0,0.0
797.79,0,0,797.79,5.4141,0.0,0.0
798.805,0,0,798.805,5.4143,0.0,0.0
799.8199999999999,0,0,799.8199999999999,5.4148,0.0,0.0
800.8349999999999,0,0,800.8349999999999,5.415,0.0,0.0
801.8499999999999,0,0,801.8499999999999,5.4154,0.0,0.0
802.8649999999999,0,0,802.8649999999999,5.4159,0.0,0.0
803.8799999999999,0,0,803.8799999999999,5.4163,0.0,0.0
804.8949999999999,0,0,804.8949999999999,5.4165,0.0,0.0
805.91,0,0,805.91,5.4171,0.0,0.0
806.925,0,0,806.925,5.4178,0.0,0.0
807.9399999999999,0,0,807.9399999999999,5.4182,0.0,0.0
808.9549999999999,0,0,808.9549999999999,5.4184,0.0,0.0
809.9699999999999,0,0,809.9699999999999,5.4189,0.0,0.0
810.9849999999999,0,0,810.9849999999999,5.4191,0.0,0.0
811.9999999999999,0,0,811.9999999999999,5.4193,0.0,0.0
813.0149999999999,0,0,813.0149999999999,5.419499999999999,0.0,0.0
814.03,0,0,814.03,5.4197,0.0,0.0
815.045,0,0,815.045,5.4204,0.0,0.0
816.06,0,0,816.06,5.4206,0.0,0.0
817.0749999999999,0,0,817.0749999999999,5.421,0.0,0.0
818.0899999999999,0,0,818.0899999999999,5.4212,0.0,0.0
819.1049999999999,0,0,819.1049999999999,5.4225,0.0,0.0
820.1199999999999,0,0,820.1199999999999,5.4229,0.0,0.0
821.1349999999999,0,0,821.1349999999999,5.4233,0.0,0.0
822.15,0,0,822.15,5.4234,0.0,0.0
823.165,0,0,823.165,5.424,0.0,0.0
824.18,0,0,824.18,5.424250000000001,0.0,0.0
825.1949999999999,0,0,825.1949999999999,5.4245,0.0,0.0
826.2099999999999,0,0,826.2099999999999,5.4249,0.0,0.0
827.2249999999999,0,0,827.2249999999999,5.4254,0.0,0.0
828.2399999999999,0,0,828.2399999999999,5.4255,0.0,0.0
829.2549999999999,0,0,829.2549999999999,5.4259,0.0,0.0
830.2699999999999,0,0,830.2699999999999,5.4266,0.0,0.0
831.285,0,0,831.285,5.427,0.0,0.0
832.3,0,0,832.3,5.4275,0.0,0.0
833.3149999999999,0,0,833.3149999999999,5.42775,0.0,0.0
834.3299999999999,0,0,834.3299999999999,5.428,0.0,0.0
835.3449999999999,0,0,835.3449999999999,5.4283,0.0,0.0
836.3599999999999,0,0,836.3599999999999,5.4284,0.0,0.0
837.3749999999999,0,0,837.3749999999999,5.4288,0.0,0.0
838.3899999999999,0,0,838.3899999999999,5.4293,0.0,0.0
839.405,0,0,839.405,5.4298,0.0,0.0
840.42,0,0,840.42,5.4302,0.0,0.0
841.435,0,0,841.435,5.43045,0.0,0.0
842.4499999999999,0,0,842.4499999999999,5.4307,0.0,0.0
843.4649999999999,0,0,843.4649999999999,5.4312,0.0,0.0
844.4799999999999,0,0,844.4799999999999,5.4319,0.0,0.0
845.4949999999999,0,0,845.4949999999999,5.432,0.0,0.0
846.5099999999999,0,0,846.5099999999999,5.4327,0.0,0.0
847.5249999999999,0,0,847.5249999999999,5.4332,0.0,0.0
848.54,0,0,848.54,5.4336,0.0,0.0
849.555,0,0,849.555,5.434,0.0,0.0
850.5699999999999,0,0,850.5699999999999,5.4344,0.0,0.0
851.5849999999999,0,0,851.5849999999999,5.435,0.0,0.0
852.5999999999999,0,0,852.5999999999999,5.4356,0.0,0.0
853.6149999999999,0,0,853.6149999999999,5.4357,0.0,0.0
854.6299999999999,0,0,854.6299999999999,5.4363,0.0,0.0
855.6449999999999,0,0,855.6449999999999,5.4365,0.0,0.0
856.66,0,0,856.66,5.4373,0.0,0.0
857.675,0,0,857.675,5.4377,0.0,0.0
858.6899999999999,0,0,858.6899999999999,5.4383,0.0,0.0
859.7049999999999,0,0,859.7049999999999,5.439,0.0,0.0
860.7199999999999,0,0,860.7199999999999,5.4396,0.0,0.0
861.7349999999999,0,0,861.7349999999999,5.4398,0.0,0.0
862.7499999999999,0,0,862.7499999999999,5.4404,0.0,0.0
863.7649999999999,0,0,863.7649999999999,5.4408,0.0,0.0
864.78,0,0,864.78,5.4412,0.0,0.0
865.795,0,0,865.795,5.4415,0.0,0.0
866.81,0,0,866.81,5.4417,0.0,0.0
867.8249999999999,0,0,867.8249999999999,5.4425,0.0,0.0
868.8399999999999,0,0,868.8399999999999,5.4428,0.0,0.0
869.8549999999999,0,0,869.8549999999999,5.4433,0.0,0.0
870.8699999999999,0,0,870.8699999999999,5.4436,0.0,0.0
871.8849999999999,0,0,871.8849999999999,5.4439,0.0,0.0
872.8999999999999,0,0,872.8999999999999,5.4442,0.0,0.0
873.915,0,0,873.915,5.4444,0.0,0.0
874.93,0,0,874.93,5.4446,0.0,0.0
875.9449999999999,0,0,875.9449999999999,5.4452,0.0,0.0
876.9599999999999,0,0,876.9599999999999,5.4457,0.0,0.0
877.9749999999999,0,0,877.9749999999999,5.4464,0.0,0.0
878.9899999999999,0,0,878.9899999999999,5.44655,0.0,0.0
880.0049999999999,0,0,880.0049999999999,5.4467,0.0,0.0
881.0199999999999,0,0,881.0199999999999,5.4471,0.0,0.0
882.035,0,0,882.035,5.4477,0.0,0.0
883.05,0,0,883.05,5.4479,0.0,0.0
884.0649999999999,0,0,884.0649999999999,5.4483,0.0,0.0
885.0799999999999,0,0,885.0799999999999,5.4491,0.0,0.0
886.0949999999999,0,0,886.0949999999999,5.4492,0.0,0.0
887.1099999999999,0,0,887.1099999999999,5.449400000000001,0.0,0.0
888.1249999999999,0,0,888.1249999999999,5.4496,0.0,0.0
889.1399999999999,0,0,889.1399999999999,5.4502,0.0,0.0
890.1549999999999,0,0,890.1549999999999,5.4504,0.0,0.0
891.17,0,0,891.17,5.4507,0.0,0.0
892.185,0,0,892.185,5.4511,0.0,0.0
893.1999999999999,0,0,893.1999999999999,5.451266666666667,0.0,0.0
894.2149999999999,0,0,894.2149999999999,5.451433333333333,0.0,0.0
895.2299999999999,0,0,895.2299999999999,5.4516,0.0,0.0
896.2449999999999,0,0,896.2449999999999,5.4519,0.0,0.0
897.2599999999999,0,0,897.2599999999999,5.4521,0.0,0.0
898.2749999999999,0,0,898.2749999999999,5.4524,0.0,0.0
899.29,0,0,899.29,5.45285,0.0,0.0
900.305,0,0,900.305,5.4533,0.0,0.0
901.32,0,0,901.32,5.454,0.0,0.0
902.335,0,0,902.335,5.4545,0.0,0.0
903.35,0,0,903.35,5.4548,0.0,0.0
904.365,0,0,904.365,5.4552,0.0,0.0
905.38,0,0,905.38,5.4555,0.0,0.0
906.395,0,0,906.395,5.4558,0.0,0.0
907.41,0,0,907.41,5.4561,0.0,0.0
908.425,0,0,908.425,5.4564,0.0,0.0
909.44,0,0,909.44,5.4566,0.0,0.0
910.455,0,0,910.455,5.457,0.0,0.0
911.47,0,0,911.47,5.4575,0.0,0.0
912.485,0,0,912.485,5.4582,0.0,0.0
913.5,0,0,913.5,5.4586,0.0,0.0
914.515,0,0,914.515,5.459,0.0,0.0
915.53,0,0,915.53,5.45935,0.0,0.0
916.545,0,0,916.545,5.4597,0.0,0.0
917.56,0,0,917.56,5.4599,0.0,0.0
918.575,0,0,918.575,5.4603,0.0,0.0
919.59,0,0,919.59,5.4604,0.0,0.0
920.605,0,0,920.605,5.4609000000000005,0.0,0.0
921.62,0,0,921.62,5.4614,0.0,0.0
922.635,0,0,922.635,5.4619,0.0,0.0
923.65,0,0,923.65,5.4622,0.0,0.0
924.665,0,0,924.665,5.4625,0.0,0.0
925.68,0,0,925.68,5.4629,0.0,0.0
926.695,0,0,926.695,5.4632,0.0,0.0
927.71,0,0,927.71,5.4639,0.0,0.0
928.725,0,0,928.725,5.4641,0.0,0.0
929.74,0,0,929.74,5.4643,0.0,0.0
930.755,0,0,930.755,5.4647,0.0,0.0
931.77,0,0,931.77,5.4657,0.0,0.0
932.785,0,0,932.785,5.4658,0.0,0.0
933.8,0,0,933.8,5.4662,0.0,0.0
934.815,0,0,934.815,5.467,0.0,0.0
935.83,0,0,935.83,5.4674,0.0,0.0
936.845,0,0,936.845,5.4676,0.0,0.0
937.86,0,0,937.86,5.4678,0.0,0.0
938.875,0,0,938.875,5.4682,0.0,0.0
939.89,0,0,939.89,5.4685,0.0,0.0
940.905,0,0,940.905,5.4688,0.0,0.0
941.92,0,0,941.92,5.4691,0.0,0.0
942.935,0,0,942.935,5.4697,0.0,0.0
943.95,0,0,943.95,5.4702,0.0,0.0
944.965,0,0,944.965,5.4707,0.0,0.0
945.98,0,0,945.98,5.471299999999999,0.0,0.0
946.995,0,0,946.995,5.4719,0.0,0.0
948.01,0,0,948.01,5.4726,0.0,0.0
949.025,0,0,949.025,5.4729,0.0,0.0
950.04,0,0,950.04,5.4734,0.0,0.0
951.055,0,0,951.055,5.4739,0.0,0.0
952.07,0,0,952.07,5.4746,0.0,0.0
953.085,0,0,953.085,5.4754,0.0,0.0
954.1,0,0,954.1,5.4761,0.0,0.0
955.115,0,0,955.115,5.47685,0.0,0.0
956.13,0,0,956.13,5.4776,0.0,0.0
957.145,0,0,957.145,5.4781,0.0,0.0
958.16,0,0,958.16,5.4791,0.0,0.0
959.175,0,0,959.175,5.4793,0.0,0.0
960.19,0,0,960.19,5.4803,0.0,0.0
961.205,0,0,961.205,5.4808,0.0,0.0
962.22,0,0,962.22,5.4816,0.0,0.0
963.235,0,0,963.235,5.4818,0.0,0.0
964.25,0,0,964.25,5.48215,0.0,0.0
965.265,0,0,965.265,5.4825,0.0,0.0
966.28,0,0,966.28,5.4833,0.0,0.0
967.295,0,0,967.295,5.4835,0.0,0.0
968.31,0,0,968.31,5.4843,0.0,0.0
969.325,0,0,969.325,5.4845,0.0,0.0
970.34,0,0,970.34,5.4855,0.0,0.0
971.355,0,0,971.355,5.4859,0.0,0.0
972.37,0,0,972.37,5.4863,0.0,0.0
973.385,0,0,973.385,5.4867,0.0,0.0
974.4,0,0,974.4,5.4871,0.0,0.0
975.4149999999998,0,0,975.4149999999998,5.4875,0.0,0.0
976.43,0,0,976.43,5.488,0.0,0.0
977.445,0,0,977.445,5.4885,0.0,0.0
978.46,0,0,978.46,5.4892,0.0,0.0
979.475,0,0,979.475,5.4895,0.0,0.0
980.49,0,0,980.49,5.4907,0.0,0.0
981.505,0,0,981.505,0.0,0.0,0.0
982.52,0,0,982.52,0.0,0.0,0.0
983.535,0,0,983.535,0.0,0.0,0.0
984.55,0,0,984.55,0.0,0.0,0.0
985.565,0,0,985.565,0.0,0.0,0.0
986.58,0,0,986.58,0.0,0.0,0.0
987.595,0,0,987.595,0.0,0.0,0.0
988.61,0,0,988.61,0.0,0.0,0.0
989.625,0,0,989.625,0.0,0.0,0.0
990.64,0,0,990.64,0.0,0.0,0.0
991.655,0,0,991.655,0.0,0.0,0.0
992.67,0,0,992.67,0.0,0.0,0.0
993.685,0,0,993.685,0.0,0.0,0.0
994.7,0,0,994.7,0.0,0.0,0.0
995.715,0,0,995.715,0.0,0.0,0.0
996.73,0,0,996.73,0.0,0.0,0.0
997.745,0,0,997.745,0.0,0.0,0.0
998.76,0,0,998.76,0.0,0.0,0.0
999.775,0,0,999.775,0.0,0.0,0.0
1000.7899999999998,0,0,1000.7899999999998,0.0,0.0,0.0
1001.805,0,0,1001.805,0.0,0.0,0.0
1002.82,0,0,1002.82,0.0,0.0,0.0
1003.835,0,0,1003.835,0.0,0.0,0.0
1004.85,0,0,1004.85,0.0,0.0,0.0
1005.865,0,0,1005.865,0.0,0.0,0.0
1006.88,0,0,1006.88,0.0,0.0,0.0
1007.895,0,0,1007.895,0.0,0.0,0.0
1008.91,0,0,1008.91,0.0,0.0,0.0
1009.925,0,0,1009.925,0.0,0.0,0.0
1010.94,0,0,1010.94,0.0,0.0,0.0
1011.955,0,0,1011.955,0.0,0.0,0.0
1012.97,0,0,1012.97,0.0,0.0,0.0
1013.985,0,0,1013.985,0.0,0.0,0.0
1015.0,0,0,1015.0,0.0,0.0,0.0
1016.015,0,0,1016.015,0.0,0.0,0.0
1017.03,0,0,1017.03,0.0,0.0,0.0
1018.0449999999998,0,0,1018.0449999999998,0.0,0.0,0.0
1019.06,0,0,1019.06,0.0,0.0,0.0
1020.075,0,0,1020.075,0.0,0.0,0.0
1021.09,0,0,1021.09,0.0,0.0,0.0
1022.105,0,0,1022.105,0.0,0.0,0.0
1023.12,0,0,1023.12,0.0,0.0,0.0
1024.135,0,0,1024.135,0.0,0.0,0.0
1025.15,0,0,1025.15,0.0,0.0,0.0
1026.165,0,0,1026.165,0.0,0.0,0.0
1027.1799999999998,0,0,1027.1799999999998,0.0,0.0,0.0
1028.195,0,0,1028.195,0.0,0.0,0.0
1029.2099999999998,0,0,1029.2099999999998,0.0,0.0,0.0
1030.225,0,0,1030.225,0.0,0.0,0.0
1031.24,0,0,1031.24,0.0,0.0,0.0
1032.255,0,0,1032.255,0.0,0.0,0.0
1033.27,0,0,1033.27,0.0,0.0,0.0
1034.285,0,0,1034.285,0.0,0.0,0.0
1035.3,0,0,1035.3,0.0,0.0,0.0
1036.3149999999998,0,0,1036.3149999999998,0.0,0.0,0.0
1037.33,0,0,1037.33,0.0,0.0,0.0
1038.3449999999998,0,0,1038.3449999999998,0.0,0.0,0.0
1039.36,0,0,1039.36,0.0,0.0,0.0
1040.375,0,0,1040.375,0.0,0.0,0.0
1041.39,0,0,1041.39,0.0,0.0,0.0
1042.405,0,0,1042.405,0.0,0.0,0.0
1043.4199999999998,0,0,1043.4199999999998,0.0,0.0,0.0
1044.435,0,0,1044.435,0.0,0.0,0.0
1045.4499999999998,0,0,1045.4499999999998,0.0,0.0,0.0
1046.465,0,0,1046.465,0.0,0.0,0.0
1047.4799999999998,0,0,1047.4799999999998,0.0,0.0,0.0
1048.495,0,0,1048.495,0.0,0.0,0.0
1049.51,0,0,1049.51,0.0,0.0,0.0
1050.525,0,0,1050.525,0.0,0.0,0.0
1051.54,0,0,1051.54,0.0,0.0,0.0
1052.5549999999998,0,0,1052.5549999999998,0.0,0.0,0.0
1053.57,0,0,1053.57,0.0,0.0,0.0
1054.5849999999998,0,0,1054.5849999999998,0.0,0.0,0.0
1055.6,0,0,1055.6,0.0,0.0,0.0
1056.615,0,0,1056.615,0.0,0.0,0.0
1057.63,0,0,1057.63,0.0,0.0,0.0
1058.645,0,0,1058.645,0.0,0.0,0.0
1059.66,0,0,1059.66,0.0,0.0,0.0
1060.675,0,0,1060.675,0.0,0.0,0.0
1061.6899999999998,0,0,1061.6899999999998,0.0,0.0,0.0
1062.705,0,0,1062.705,0.0,0.0,0.0
1063.7199999999998,0,0,1063.7199999999998,0.0,0.0,0.0
1064.735,0,0,1064.735,0.0,0.0,0.0
1065.75,0,0,1065.75,0.0,0.0,0.0
1066.765,0,0,1066.765,0.0,0.0,0.0
1067.78,0,0,1067.78,0.0,0.0,0.0
1068.7949999999998,0,0,1068.7949999999998,0.0,0.0,0.0
1069.81,0,0,1069.81,0.0,0.0,0.0
1070.8249999999998,0,0,1070.8249999999998,0.0,0.0,0.0
1071.84,0,0,1071.84,0.0,0.0,0.0
1072.8549999999998,0,0,1072.8549999999998,0.0,0.0,0.0
1073.87,0,0,1073.87,0.0,0.0,0.0
1074.885,0,0,1074.885,0.0,0.0,0.0
1075.9,0,0,1075.9,0.0,0.0,0.0
1076.915,0,0,1076.915,0.0,0.0,0.0
1077.9299999999998,0,0,1077.9299999999998,0.0,0.0,0.0
1078.945,0,0,1078.945,0.0,0.0,0.0
1079.9599999999998,0,0,1079.9599999999998,0.0,0.0,0.0
1080.975,0,0,1080.975,0.0,0.0,0.0
1081.99,0,0,1081.99,0.0,0.0,0.0
1083.005,0,0,1083.005,0.0,0.0,0.0
1084.02,0,0,1084.02,0.0,0.0,0.0
1085.035,0,0,1085.035,0.0,0.0,0.0
1086.05,0,0,1086.05,0.0,0.0,0.0
1087.0649999999998,0,0,1087.0649999999998,0.0,0.0,0.0
1088.08,0,0,1088.08,0.0,0.0,0.0
1089.0949999999998,0,0,1089.0949999999998,0.0,0.0,0.0
1090.11,0,0,1090.11,0.0,0.0,0.0
1091.125,0,0,1091.125,0.0,0.0,0.0
1092.14,0,0,1092.14,0.0,0.0,0.0
1093.155,0,0,1093.155,0.0,0.0,0.0
1094.1699999999998,0,0,1094.1699999999998,0.0,0.0,0.0
1095.185,0,0,1095.185,0.0,0.0,0.0
1096.1999999999998,0,0,1096.1999999999998,0.0,0.0,0.0
1097.215,0,0,1097.215,0.0,0.0,0.0
1098.2299999999998,0,0,1098.2299999999998,0.0,0.0,0.0
1099.245,0,0,1099.245,0.0,0.0,0.0
1100.26,0,0,1100.26,0.0,0.0,0.0
1101.275,0,0,1101.275,0.0,0.0,0.0
1102.29,0,0,1102.29,0.0,0.0,0.0
1103.3049999999998,0,0,1103.3049999999998,0.0,0.0,0.0
1104.32,0,0,1104.32,0.0,0.0,0.0
1105.3349999999998,0,0,1105.3349999999998,0.0,0.0,0.0
1106.35,0,0,1106.35,0.0,0.0,0.0
1107.3649999999998,0,0,1107.3649999999998,0.0,0.0,0.0
1108.38,0,0,1108.38,0.0,0.0,0.0
1109.395,0,0,1109.395,0.0,0.0,0.0
1110.41,0,0,1110.41,0.0,0.0,0.0
1111.425,0,0,1111.425,0.0,0.0,0.0
1112.4399999999998,0,0,1112.4399999999998,0.0,0.0,0.0
1113.455,0,0,1113.455,0.0,0.0,0.0
1114.4699999999998,0,0,1114.4699999999998,0.0,0.0,0.0
1115.485,0,0,1115.485,0.0,0.0,0.0
1116.5,0,0,1116.5,0.0,0.0,0.0
1117.515,0,0,1117.515,0.0,0.0,0.0
1118.53,0,0,1118.53,0.0,0.0,0.0
1119.5449999999998,0,0,1119.5449999999998,0.0,0.0,0.0
1120.56,0,0,1120.56,0.0,0.0,0.0
1121.5749999999998,0,0,1121.5749999999998,0.0,0.0,0.0
1122.59,0,0,1122.59,0.0,0.0,0.0
1123.6049999999998,0,0,1123.6049999999998,0.0,0.0,0.0
1124.62,0,0,1124.62,0.0,0.0,0.0
1125.635,0,0,1125.635,0.0,0.0,0.0
1126.65,0,0,1126.65,0.0,0.0,0.0
1127.665,0,0,1127.665,0.0,0.0,0.0
1128.6799999999998,0,0,1128.6799999999998,0.0,0.0,0.0
1129.695,0,0,1129.695,0.0,0.0,0.0
1130.7099999999998,0,0,1130.7099999999998,0.0,0.0,0.0
1131.725,0,0,1131.725,0.0,0.0,0.0
1132.7399999999998,0,0,1132.7399999999998,0.0,0.0,0.0
1133.755,0,0,1133.755,0.0,0.0,0.0
1134.77,0,0,1134.77,0.0,0.0,0.0
1135.785,0,0,1135.785,0.0,0.0,0.0
1136.8,0,0,1136.8,0.0,0.0,0.0
1137.8149999999998,0,0,1137.8149999999998,0.0,0.0,0.0
1138.83,0,0,1138.83,0.0,0.0,0.0
1139.8449999999998,0,0,1139.8449999999998,0.0,0.0,0.0
1140.86,0,0,1140.86,0.0,0.0,0.0
1141.875,0,0,1141.875,0.0,0.0,0.0
1142.89,0,0,1142.89,0.0,0.0,0.0
1143.905,0,0,1143.905,0.0,0.0,0.0
1144.9199999999998,0,0,1144.9199999999998,0.0,0.0,0.0
1145.935,0,0,1145.935,0.0,0.0,0.0
1146.9499999999998,0,0,1146.9499999999998,0.0,0.0,0.0
1147.965,0,0,1147.965,0.0,0.0,0.0
1148.9799999999998,0,0,1148.9799999999998,0.0,0.0,0.0
1149.995,0,0,1149.995,0.0,0.0,0.0
1151.01,0,0,1151.01,0.0,0.0,0.0
1152.025,0,0,1152.025,0.0,0.0,0.0
1153.04,0,0,1153.04,0.0,0.0,0.0
1154.0549999999998,0,0,1154.0549999999998,0.0,0.0,0.0
1155.07,0,0,1155.07,0.0,0.0,0.0
1156.0849999999998,0,0,1156.0849999999998,0.0,0.0,0.0
1157.1,0,0,1157.1,0.0,0.0,0.0
1158.1149999999998,0,0,1158.1149999999998,0.0,0.0,0.0
1159.13,0,0,1159.13,0.0,0.0,0.0
1160.145,0,0,1160.145,0.0,0.0,0.0
1161.16,0,0,1161.16,0.0,0.0,0.0
1162.175,0,0,1162.175,0.0,0.0,0.0
1163.1899999999998,0,0,1163.1899999999998,0.0,0.0,0.0
1164.205,0,0,1164.205,0.0,0.0,0.0
1165.2199999999998,0,0,1165.2199999999998,0.0,0.0,0.0
1166.235,0,0,1166.235,0.0,0.0,0.0
1167.25,0,0,1167.25,0.0,0.0,0.0
1168.265,0,0,1168.265,0.0,0.0,0.0
1169.28,0,0,1169.28,0.0,0.0,0.0
1170.2949999999998,0,0,1170.2949999999998,0.0,0.0,0.0
1171.31,0,0,1171.31,0.0,0.0,0.0
1172.3249999999998,0,0,1172.3249999999998,0.0,0.0,0.0
1173.34,0,0,1173.34,0.0,0.0,0.0
1174.3549999999998,0,0,1174.3549999999998,0.0,0.0,0.0
1175.37,0,0,1175.37,0.0,0.0,0.0
1176.385,0,0,1176.385,0.0,0.0,0.0
1177.4,0,0,1177.4,0.0,0.0,0.0
1178.415,0,0,1178.415,0.0,0.0,0.0
1179.4299999999998,0,0,1179.4299999999998,0.0,0.0,0.0
1180.445,0,0,1180.445,0.0,0.0,0.0
1181.4599999999998,0,0,1181.4599999999998,0.0,0.0,0.0
1182.475,0,0,1182.475,0.0,0.0,0.0
1183.4899999999998,0,0,1183.4899999999998,0.0,0.0,0.0
1184.505,0,0,1184.505,0.0,0.0,0.0
1185.52,0,0,1185.52,0.0,0.0,0.0
1186.535,0,0,1186.535,0.0,0.0,0.0
1187.55,0,0,1187.55,0.0,0.0,0.0
1188.5649999999998,0,0,1188.5649999999998,0.0,0.0,0.0
1189.58,0,0,1189.58,0.0,0.0,0.0
1190.5949999999998,0,0,1190.5949999999998,0.0,0.0,0.0
1191.61,0,0,1191.61,0.0,0.0,0.0
1192.6249999999998,0,0,1192.6249999999998,0.0,0.0,0.0
1193.64,0,0,1193.64,0.0,0.0,0.0
1194.655,0,0,1194.655,0.0,0.0,0.0
1195.6699999999998,0,0,1195.6699999999998,0.0,0.0,0.0
1196.685,0,0,1196.685,0.0,0.0,0.0
1197.6999999999998,0,0,1197.6999999999998,0.0,0.0,0.0
1198.715,0,0,1198.715,0.0,0.0,0.0
1199.7299999999998,0,0,1199.7299999999998,0.0,0.0,0.0
1200.745,0,0,1200.745,0.0,0.0,0.0
1201.76,0,0,1201.76,0.0,0.0,0.0
1202.775,0,0,1202.775,0.0,0.0,0.0
1203.79,0,0,1203.79,0.0,0.0,0.0
1204.8049999999998,0,0,1204.8049999999998,0.0,0.0,0.0
1205.82,0,0,1205.82,0.0,0.0,0.0
1206.8349999999998,0,0,1206.8349999999998,0.0,0.0,0.0
1207.85,0,0,1207.85,0.0,0.0,0.0
1208.8649999999998,0,0,1208.8649999999998,0.0,0.0,0.0
1209.88,0,0,1209.88,0.0,0.0,0.0
1210.895,0,0,1210.895,0.0,0.0,0.0
1211.91,0,0,1211.91,0.0,0.0,0.0
1212.925,0,0,1212.925,0.0,0.0,0.0
1213.9399999999998,0,0,1213.9399999999998,0.0,0.0,0.0
1214.955,0,0,1214.955,0.0,0.0,0.0
1215.9699999999998,0,0,1215.9699999999998,0.0,0.0,0.0
1216.985,0,0,1216.985,0.0,0.0,0.0
1217.9999999999998,0,0,1217.9999999999998,0.0,0.0,0.0
1219.015,0,0,1219.015,0.0,0.0,0.0
1220.03,0,0,1220.03,0.0,0.0,0.0
1221.0449999999998,0,0,1221.0449999999998,0.0,0.0,0.0
1222.06,0,0,1222.06,0.0,0.0,0.0
1223.0749999999998,0,0,1223.0749999999998,0.0,0.0,0.0
1224.09,0,0,1224.09,0.0,0.0,0.0
1225.1049999999998,0,0,1225.1049999999998,0.0,0.0,0.0
1226.12,0,0,1226.12,0.0,0.0,0.0
1227.135,0,0,1227.135,0.0,0.0,0.0
1228.15,0,0,1228.15,0.0,0.0,0.0
1229.165,0,0,1229.165,0.0,0.0,0.0
1230.1799999999998,0,0,1230.1799999999998,0.0,0.0,0.0
1231.195,0,0,1231.195,0.0,0.0,0.0
1232.2099999999998,0,0,1232.2099999999998,0.0,0.0,0.0
1233.225,0,0,1233.225,0.0,0.0,0.0
1234.2399999999998,0,0,1234.2399999999998,0.0,0.0,0.0
1235.255,0,0,1235.255,0.0,0.0,0.0
1236.27,0,0,1236.27,0.0,0.0,0.0
1237.285,0,0,1237.285,0.0,0.0,0.0
1238.3,0,0,1238.3,0.0,0.0,0.0
1239.3149999999998,0,0,1239.3149999999998,0.0,0.0,0.0
1240.33,0,0,1240.33,0.0,0.0,0.0
1241.3449999999998,0,0,1241.3449999999998,0.0,0.0,0.0
1242.36,0,0,1242.36,0.0,0.0,0.0
1243.3749999999998,0,0,1243.3749999999998,0.0,0.0,0.0
1244.39,0,0,1244.39,0.0,0.0,0.0
1245.405,0,0,1245.405,0.0,0.0,0.0
1246.4199999999998,0,0,1246.4199999999998,0.0,0.0,0.0
1247.435,0,0,1247.435,0.0,0.0,0.0
1248.4499999999998,0,0,1248.4499999999998,0.0,0.0,0.0
1249.465,0,0,1249.465,0.0,0.0,0.0
1250.4799999999998,0,0,1250.4799999999998,0.0,0.0,0.0
1251.495,0,0,1251.495,0.0,0.0,0.0
1252.51,0,0,1252.51,0.0,0.0,0.0
1253.525,0,0,1253.525,0.0,0.0,0.0
1254.54,0,0,1254.54,0.0,0.0,0.0
1255.5549999999998,0,0,1255.5549999999998,0.0,0.0,0.0
1256.57,0,0,1256.57,0.0,0.0,0.0
1257.5849999999998,0,0,1257.5849999999998,0.0,0.0,0.0
1258.6,0,0,1258.6,0.0,0.0,0.0
1259.6149999999998,0,0,1259.6149999999998,0.0,0.0,0.0
1260.63,0,0,1260.63,0.0,0.0,0.0
1261.645,0,0,1261.645,0.0,0.0,0.0
1262.66,0,0,1262.66,0.0,0.0,0.0
1263.675,0,0,1263.675,0.0,0.0,0.0
1264.6899999999998,0,0,1264.6899999999998,0.0,0.0,0.0
1265.705,0,0,1265.705,0.0,0.0,0.0
1266.7199999999998,0,0,1266.7199999999998,0.0,0.0,0.0
1267.735,0,0,1267.735,0.0,0.0,0.0
1268.7499999999998,0,0,1268.7499999999998,0.0,0.0,0.0
1269.765,0,0,1269.765,0.0,0.0,0.0
1270.78,0,0,1270.78,0.0,0.0,0.0
1271.7949999999998,0,0,1271.7949999999998,0.0,0.0,0.0
1272.81,0,0,1272.81,0.0,0.0,0.0
1273.8249999999998,0,0,1273.8249999999998,0.0,0.0,0.0
1274.84,0,0,1274.84,0.0,0.0,0.0
1275.8549999999998,0,0,1275.8549999999998,0.0,0.0,0.0
1276.87,0,0,1276.87,0.0,0.0,0.0
1277.8849999999998,0,0,1277.8849999999998,0.0,0.0,0.0
1278.9,0,0,1278.9,0.0,0.0,0.0
1279.915,0,0,1279.915,0.0,0.0,0.0
1280.9299999999998,0,0,1280.9299999999998,0.0,0.0,0.0
1281.945,0,0,1281.945,0.0,0.0,0.0
1282.9599999999998,0,0,1282.9599999999998,0.0,0.0,0.0
1283.975,0,0,1283.975,0.0,0.0,0.0
1284.9899999999998,0,0,1284.9899999999998,0.0,0.0,0.0
1286.005,0,0,1286.005,0.0,0.0,0.0
1287.02,0,0,1287.02,0.0,0.0,0.0
1288.035,0,0,1288.035,0.0,0.0,0.0
1289.05,0,0,1289.05,0.0,0.0,0.0
1290.0649999999998,0,0,1290.0649999999998,0.0,0.0,0.0
1291.08,0,0,1291.08,0.0,0.0,0.0
1292.0949999999998,0,0,1292.0949999999998,0.0,0.0,0.0
1293.11,0,0,1293.11,0.0,0.0,0.0
1294.1249999999998,0,0,1294.1249999999998,0.0,0.0,0.0
1295.14,0,0,1295.14,0.0,0.0,0.0
1296.155,0,0,1296.155,0.0,0.0,0.0
1297.1699999999998,0,0,1297.1699999999998,0.0,0.0,0.0
1298.185,0,0,1298.185,0.0,0.0,0.0
